{
  "accuracy": 0.87436,
  "precision": 0.8746258680824691,
  "recall": 0.87436,
  "f1": 0.8743377046939773
}